year,doi,citation,oa_link,source_title,volume,author,title,issue,source_id,citation_count,page,reference
2007,10.1002/jms.1315,10.1002/jms.1081; 10.1080/02763860802615922,,Journal Of Mass Spectrometry,42,"Murray, Kermit K.",Mass Spectrometry And Web 2.0,10,issn:1076-5174; issn:1096-9888,2,1263-1271,10.1002/jms.1262; 10.1002/pmic.200600223; 10.1002/pmic.200600273; 10.1002/pmic.200600275; 10.1016/j.braindev.2006.07.005; 10.1016/j.jasms.2005.11.011; 10.1021/cen-v083n020.p040; 10.1021/cen-v084n036.p011a; 10.1021/pr0602085; 10.1038/438900a; 10.1038/445691a; 10.1097/01.rti.0000213578.47398.aa; 10.1111/j.1525-1594.2004.29005.x; 10.1186/1472-6920-6-41; 10.1186/gb-2007-8-6-r102; 10.1371/journal.pbio.0040157; 10.2196/jmir.8.2.e8
2008,10.1177/117863290800100001,,,Health Services Insights,1,"Cosby, Jarold L",Open Access And The Science Of Perpetual Change: Developing An Integrative Perspective Of Health Services Research,,issn:1178-6329; issn:1178-6329,0,117863290800100,10.1002/chp.47; 10.1016/j.ipm.2005.03.010; 10.1038/35079151; 10.1038/35079154; 10.1038/445709b; 10.1080/00987913.2004.10764930; 10.1126/science.302.5645.550; 10.1126/science.315.5818.1479c; 10.1136/bmj.38359.695220.82; 10.1371/journal.pbio.0040157; 10.5860/crl.65.5.372
2012,10.1051/medsci/2012286020,10.2196/med20.3628; 10.1051/medsci/20122811017; 10.1051/medsci/2012286001; 10.1051/medsci/20173306023; 10.1051/medsci/2018235; 10.1109/isko-maghreb.2014.7033485,https://www.medecinesciences.org/articles/medsci/pdf/2012/08/medsci2012286-7p653.pdf,Médecine/Sciences,28,"Boudry, Christophe",« Biologie/Médecine 2.0 » : État Des Lieux,6-7,issn:0767-0974; issn:1958-5381,6,653-658,10.1002/meet.14504701201; 10.1007/s00778-010-0208-4; 10.1007/s11528-011-0467-y; 10.1016/j.jbi.2009.08.014; 10.1021/cb100268t; 10.1038/469286a; 10.1038/ng.f.217; 10.1088/1751-8113/41/22/224016; 10.1098/rsta.2010.0155; 10.1126/science.1153539; 10.1126/science.1190532; 10.1126/science.1197258; 10.1177/0165551510389358; 10.1186/gb-2010-11-5-207; 10.1371/journal.pbio.0040157; 10.1371/journal.pone.0000308; 10.2174/1874306400802010001; 10.2196/jmir.1030; 10.2196/jmir.1047; 10.3406/ccgg.2007.1656; 10.5210/fm.v13i8.2233
2013,10.2478/semcard-2013-0004,,https://content.sciendo.com/downloadpdf/journals/semcard/19/2/article-p21.pdf,Seminars In Cardiovascular Medicine,19,"Alfonso, Fernando; Gonçalves, Lino; Pinto, Fausto; Timmis, Adam; Ector, Hugo; Ambrosio, Giuseppe",Fostering Diffusion Of Scientific Contents Of National Society Cardiovascular Journals: The New Esc Search Engine,2,issn:1822-7767,0,21-29,10.1093/eurheartj/ehr464; 10.1093/eurheartj/ehs308; 10.1096/fj.07-9492lsf; 10.1111/j.1742-1241.2009.02164.x; 10.1136/heartjnl-2011-301089; 10.1157/13079921; 10.1371/journal.pbio.0040157; 10.2196/jmir.1802; 10.4103/0022-3859.65286; 10.5455/msm.2012.24.162-164
2017,10.1007/978-3-319-50627-2_3,10.1177/0963662519835745,,Scientific Scholarly Communication - Fascinating Life Sciences,,"De Silva, Pali U. K.; K. Vance, Candace",On The Road To Unrestricted Access To Scientific Information: The Open Access Movement,,isbn:9783319506265; isbn:9783319506272,1,25-40,10.1002/asi.20639; 10.1002/asi.20663; 10.1002/asi.21195; 10.1002/asi.21532; 10.1002/asi.22673; 10.1002/asi.22963; 10.1002/asi.23021; 10.1007/978-3-319-03919-0_44; 10.1007/s11207-006-0262-7; 10.1016/j.acalib.2011.02.017; 10.1016/j.ipm.2005.03.010; 10.1016/j.joi.2007.04.001; 10.1016/j.joi.2013.03.008; 10.1038/45875; 10.1038/489179a; 10.1038/news.2009.571; 10.1080/00987913.2008.10765150; 10.1080/10572317.2003.10762596; 10.1087/09531510252848881; 10.1087/095315104323159621; 10.1087/978090708x355036; 10.1096/fj.11-183988; 10.1098/rstl.1673.0001; 10.1108/00220410710836394; 10.1108/00220410910926121; 10.1111/ecin.12064; 10.1111/jan.12589; 10.1111/j.1523-1739.2010.01509.x; 10.1126/science.1154562; 10.1126/science.342.6154.60; 10.1136/bmj.a568; 10.1177/0141076814548526; 10.1186/1741-7015-10-73; 10.1371/journal.pbio.0040157; 10.1371/journal.pbio.1000165; 10.1371/journal.pone.0011273; 10.1371/journal.pone.0013636; 10.1371/journal.pone.0020961; 10.1371/journal.pone.0060925; 10.2139/ssrn.1746243; 10.2481/dsj.3.29; 10.3163/1536-5050.99.3.008; 10.3998/3336451.0009.202; 10.5860/crl.65.5.372
2009,10.1002/aris.2009.1440430113,10.1371/journal.pone.0101214; 10.1371/journal.pone.0104244; 10.1007/978-981-10-7098-3_7; 10.1007/s00799-012-0100-5; 10.1007/s11192-010-0332-3; 10.1007/s11192-012-0681-1; 10.1007/s11192-012-0760-3; 10.1007/s11192-012-0764-z; 10.1007/s11192-013-0978-8; 10.1007/s11192-013-1059-8; 10.1007/s11192-013-1214-2; 10.1007/s11192-014-1256-0; 10.1007/s11192-014-1274-y; 10.1007/s11192-014-1283-x; 10.1007/s11192-014-1381-9; 10.1007/s11192-014-1481-6; 10.1007/s11192-015-1564-z; 10.1007/s11192-015-1580-z; 10.1007/s11192-016-1872-y; 10.1007/s11192-016-2097-9; 10.1007/s11192-017-2338-6; 10.1007/s11192-017-2341-y; 10.1007/s11192-017-2410-2; 10.1007/s11192-017-2450-7; 10.1007/s11192-017-2473-0; 10.1007/s11192-017-2485-9; 10.1007/s11192-018-2824-5; 10.1007/s11192-018-2840-5; 10.1007/s11192-018-2865-9; 10.1007/s11192-018-2895-3; 10.1007/s11192-018-2968-3; 10.1007/s11192-019-03143-7; 10.1063/1.4794795; 10.3389/fninf.2015.00006; 10.1088/1742-6596/1302/2/022013; 10.1177/0165551518761011; 10.1587/transinf.2015dap0031; 10.1177/2378023117738903; 10.1007/978-3-642-31709-5_39; 10.1140/epjds/s13688-014-0011-3; 10.1007/978-3-642-27210-3_30; 10.1038/s41567-018-0076-1; 10.1007/978-3-319-25226-1_55; 10.1007/s11277-016-3662-5; 10.1590/1981-5344/1928; 10.1002/sam.11143; 10.1103/physreve.98.062321; 10.1007/978-3-319-45880-9_21; 10.1074/jbc.r110.176370; 10.1002/asi.21491; 10.1002/asi.21495; 10.1002/asi.22621; 10.1002/asi.22695; 10.1002/asi.22956; 10.1002/asi.23063; 10.1002/asi.23183; 10.1002/asi.23489; 10.1002/asi.23580; 10.1007/978-981-10-5041-1_55; 10.1108/el-02-2013-0018; 10.1108/el-12-2018-0232; 10.1177/0003122415601618; 10.1371/journal.pone.0070299; 10.1080/09296174.2010.485444; 10.1007/978-3-319-68554-0_12; 10.1007/978-3-030-18590-9_10; 10.1371/journal.pone.0189137; 10.1371/journal.pntd.0004182; 10.1007/978-3-319-02741-8_8; 10.1007/s13369-015-1636-7; 10.1007/978-3-319-70232-2_10; 10.1007/s10489-016-0870-3; 10.1108/prog-01-2013-0002; 10.1007/978-3-319-09785-5_8; 10.1007/978-3-319-10377-8_6; 10.1524/9783486719918.407; 10.1590/s1413-99362013000300006; 10.1080/19386389.2012.699822; 10.1145/2487788.2488018; 10.1109/fskd.2012.6234371; 10.1109/escience.2015.34; 10.1109/smc.2016.7844305; 10.1109/ic3.2015.7346650; 10.1109/tvcg.2016.2598465; 10.1007/s10664-019-09786-7; 10.1177/0165551519888605; 10.1007/s11192-020-03410-y; 10.21105/joss.02028; 10.1007/978-3-030-47426-3_29; 10.2200/s01011ed1v01y202005icr070,,Annual Review Of Information Science And Technology,43,"Smalheiser, Neil R.; Torvik, Vetle I.",Author Name Disambiguation,1,issn:0066-4200,90,1-43,10.1002/aris.2007.1440410121; 10.1002/asi.20105; 10.1002/asi.20591; 10.1002/sim.4780140510; 10.1002/(sici)1097-4571(2000)51:8<774::aid-asi90>3.0.co;2-p; 10.1007/11563983_5; 10.1007/11863878_55; 10.1007/11871637_53; 10.1007/s10588-005-3940-3; 10.1007/s11192-007-1730-z; 10.1016/0010-4825(95)00055-0; 10.1016/s0004-3702(97)00008-8; 10.1016/s0169-2607(98)00033-9; 10.1016/s0378-1119(00)00431-5; 10.1023/a:1009715923555; 10.1023/a:1017549100097; 10.1023/b:chum.0000009225.28847.77; 10.1038/223763b0; 10.1038/35074210; 10.1038/4351010a; 10.1045/april2001-dilauro; 10.1045/september2002-hickey; 10.1073/pnas.0307852100; 10.1073/pnas.0407743101; 10.1073/pnas.98.2.381; 10.1080/01621459.1969.10501049; 10.1080/09332480.2003.10554843; 10.1089/cmb.2005.12.554; 10.1093/bib/6.1.57; 10.1093/bioinformatics/bth496; 10.1093/bioinformatics/btl480; 10.1093/bioinformatics/btm161; 10.1093/llc/13.3.111; 10.1093/llc/17.4.401; 10.1109/icde.2007.368983; 10.1109/icdm.2006.13; 10.1109/vast.2006.261429; 10.1137/1.9781611972764.5; 10.1145/1065385.1065462; 10.1145/1065385.1065463; 10.1145/1135777.1135926; 10.1145/1141753.1141826; 10.1145/1150402.1150463; 10.1145/1217299.1217304; 10.1145/1255175.1255243; 10.1145/276675.276685; 10.1145/312624.312649; 10.1145/379437.379441; 10.1145/956958.956972; 10.1145/980972.981001; 10.1145/996350.996419; 10.1162/jmlr.2003.3.4-5.993; 10.1186/1472-6947-2-9; 10.1186/1742-5581-2-1; 10.1186/1747-5333-1-11; 10.1186/1747-5333-1-8; 10.1287/ijoc.14.2.144.117; 10.1300/j115v22n04_01; 10.1371/journal.pbio.0040157; 10.1515/9783110962451; 10.21236/ada464769; 10.3115/1119176.1119181; 10.5465/amr.2006.21318925
2011,10.1002/aris.2011.1440450114,10.3233/isu-170862; 10.4018/978-1-4666-0125-3.ch001; 10.1111/brv.12185; 10.1111/cag.12252; 10.1080/00330124.2016.1229624; 10.3989/redc.2015.3.1197,,Annual Review Of Information Science And Technology,45,"King, Donald W.; Tenopir, Carol",Some Economic Aspects Of The Scholarly Journal System,1,issn:0066-4200,6,295-366,10.1002/1097-4571(2000)9999:9999<::aid-asi1049>3.0.co;2-n; 10.1002/aris.1440370105; 10.1002/aris.1440400108; 10.1002/aris.1440400110; 10.1002/aris.2007.1440410110; 10.1002/aris.2007.1440410120; 10.1002/aris.2010.1440440114; 10.1002/asi.20354; 10.1002/asi.20856; 10.1002/asi.20965; 10.1007/bf02458392; 10.1007/s11192-005-0218-y; 10.1007/s11192-007-1661-8; 10.1016/b978-1-84334-203-8.50002-9; 10.1016/b978-1-84334-416-2.50005-7; 10.1016/b978-1-84334-416-2.50006-9; 10.1016/b978-1-84334-416-2.50010-0; 10.1016/b978-1-84334-416-2.50019-7; 10.1016/j.acalib.2007.05.002; 10.1016/j.joi.2007.04.001; 10.1016/j.lisr.2007.03.005; 10.1016/j.serrev.2004.09.010; 10.1016/s0098-7913(03)00041-8; 10.1016/s0099-1333(02)00346-4; 10.1016/s0306-4573(02)00057-2; 10.1016/s0313-5926(09)50048-3; 10.1016/s0364-6408(97)00020-3; 10.1017/cbo9780511549748; 10.1023/a:1010520913124; 10.1045/january2004-holmstrom; 10.1045/march2010-king; 10.1045/may2003-king; 10.1045/october2003-king; 10.1045/october2006-king; 10.1045/september2005-bauer; 10.1045/september99-okerson; 10.1063/1.881046; 10.1063/1.881125; 10.1073/pnas.0305628101; 10.1073/pnas.0507655102; 10.1086/511137; 10.1087/095315102753303625; 10.1087/095315102760319206; 10.1087/095315102760319215; 10.1087/095315104323159621; 10.1087/0953151053584975; 10.1087/095315106775122493; 10.1087/095315106775122529; 10.1087/095315106777877511; 10.1087/095315106778690689; 10.1087/095315106778690698; 10.1087/095315108x248338; 10.1087/095315108x356680; 10.1087/09531519850146346; 10.1087/09531519950145805; 10.1087/174148507x183551; 10.1087/174148507x185126; 10.1087/2009202; 10.1087/2009208; 10.1087/978090708x355036; 10.1108/00012530210441692; 10.1108/00012530310462661; 10.1108/00012530310462742; 10.1108/00012530910932267; 10.1108/00220410510585214; 10.1108/00220410610673864; 10.1108/00330330810912043; 10.1108/01435120210429952; 10.1108/02641610610669723; 10.1108/14684520410522411; 10.1108/eum0000000007131; 10.1108/nlw.2002.103.6.236.2; 10.1126/science.1150473; 10.1177/095574900201400104; 10.1177/107554707900100104; 10.1257/000282802760015702; 10.1257/jep.15.4.183; 10.1300/j111v42n01_01; 10.1300/j123v34n01_13; 10.1300/j123v38n03_02; 10.1300/j123v46n01_14; 10.1300/j123v47n01_04; 10.1353/pla.2005.0025; 10.1371/journal.pbio.0040157; 10.1371/journal.pbio.1000165; 10.1371/journal.pone.0006022; 10.1515/9783598440137; 10.1533/9781780630113; 10.1629/10307; 10.1629/16191; 10.1629/19188; 10.1629/1952; 10.1629/20163; 10.1629/20172; 10.1629/20184; 10.1629/20188; 10.1629/20192; 10.1629/20199; 10.1629/20225; 10.1890/1540-9295(2006)4[488:teoej]2.0.co;2; 10.2139/ssrn.1003951; 10.2139/ssrn.1492578; 10.29242/stats.2006-2007; 10.29242/stats.2007-2008; 10.3998/3336451.0011.204; 10.5210/fm.v12i12.2048; 10.5210/fm.v14i4.2309; 10.5210/fm.v1i2.473; 10.5860/crl.63.6.484; 10.5860/crl.65.5.372; 10.5860/crl.65.5.427; 10.5860/crl.67.2.103; 10.5860/crl.68.4.343
2010,10.1002/aris.2010.1440440108,10.1093/femsle/fny189; 10.1007/978-1-4419-8369-5_3; 10.1007/s11192-012-0884-5; 10.1007/s11192-013-1215-1; 10.1007/s11192-013-1221-3; 10.1007/s11192-014-1261-3; 10.1007/s11192-014-1271-1; 10.1007/s11192-014-1365-9; 10.1007/s11192-015-1547-0; 10.1007/s11192-016-1864-y; 10.1007/s11192-016-2093-0; 10.1007/s11192-016-2204-y; 10.1007/s11192-017-2313-2; 10.1007/s11192-017-2456-1; 10.1007/s11192-017-2539-z; 10.1007/s11192-017-2616-3; 10.1007/s11192-019-03173-1; 10.1093/reseval/rvw013; 10.1007/978-3-030-04257-8_28; 10.24108/2658-3143-2019-2-2-129-138; 10.33186/1027-3689-2018-8-66-83; 10.3389/frma.2017.00011; 10.3389/frma.2018.00029; 10.1108/00220411311300084; 10.3916/c41-2013-05; 10.2200/s00733ed1v01y201609icr052; 10.1051/epjconf/201818606004; 10.1002/asi.23071; 10.1002/asi.23252; 10.1002/asi.23286; 10.1002/asi.23314; 10.1002/asi.23405; 10.1002/asi.23689; 10.1002/asi.23741; 10.1002/bult.2012.1720380607; 10.1108/el-10-2016-0228; 10.1371/journal.pone.0064841; 10.1108/ajim-03-2015-0049; 10.1177/0883073812465014; 10.1371/journal.pone.0183217; 10.1007/978-3-319-41631-1_1; 10.1007/978-3-658-05969-9_12; 10.1002/pra2.2015.1450520100125; 10.3145/epi.2014.jul.03; 10.3145/epi.2014.may.05; 10.1108/oir-09-2015-0314; 10.7202/1045310ar; 10.7202/1058719ar; 10.3103/s0147688217030066; 10.1007/978-3-030-02511-3_29; 10.1007/978-3-030-02511-3_32; 10.15802/unilib/2019_187405; 10.3390/ijerph16245138; 10.1007/s11192-020-03361-4; 10.29024/sar.8; 10.24108/preprints-3112021,http://arxiv.org/pdf/1102.2891,Annual Review Of Information Science And Technology,44,"Kurtz, Michael J.; Bollen, Johan",Usage Bibliometrics,1,issn:0066-4200,56,1-64,10.1045/may2003-bollen; 10.1045/october2006-king; 10.1051/aas:2000170; 10.1051/aas:2000171; 10.1051/aas:2000172; 10.1051/aas:2000173; 10.1063/1.4823313; 10.1073/pnas.0308253100; 10.1073/pnas.0706851105; 10.1086/301513; 10.1086/506157; 10.1086/602723; 10.1087/095315107779490661; 10.1103/physrevlett.99.138701; 10.1103/revmodphys.81.591; 10.1108/00012530510634271; 10.1108/00012530710752025; 10.1108/02641610510602628; 10.1108/03074800210415050; 10.1108/eb026612; 10.1108/eb026920; 10.1108/eum0000000007124; 10.1108/eum0000000007175; 10.1109/iv.2007.77; 10.1111/j.1467-9280.1990.tb00233.x; 10.1111/j.1467-9280.1990.tb00234.x; 10.1117/12.460438; 10.1126/science.149.3683.510; 10.1126/science.159.3810.56; 10.1126/science.178.4060.471; 10.1126/science.275.5301.793; 10.1126/science.293.5537.2037; 10.1126/science.66.1713.385; 10.1136/bmj.a568; 10.1145/1084805.1084807; 10.1145/1141753.1141821; 10.1145/1255175.1255229; 10.1145/1378889.1378928; 10.1145/138859.138867; 10.1145/502933.502935; 10.1145/503417.503420; 10.1177/016555150102700101; 10.1177/0165551506065811; 10.1300/j105v02n01_03; 10.1300/j105v04n01_07; 10.1300/j123v04n01_05; 10.1371/journal.pbio.0040157; 10.1371/journal.pone.0004803; 10.1371/journal.pone.0006022; 10.1515/libr.1997.47.4.206; 10.1629/20117; 10.2307/2657504; 10.3152/147154406781775940; 10.3998/3336451.0009.202; 10.5860/crl.63.6.484; 10.5860/crl.66.6.527; 10.5860/crl.68.1.26; 10.5860/crl_05_02_115; 10.5860/crl_36_05_393; 10.1001/jama.295.1.90; 10.1002/1097-4571(2000)9999:9999<::aid-asi1003>3.0.co;2-8; 10.1002/aris.1440370106; 10.1002/aris.1440400110; 10.1002/aris.2007.1440410119; 10.1002/asi.10066; 10.1002/asi.1122; 10.1002/asi.20095; 10.1002/asi.20096; 10.1002/asi.20114; 10.1002/asi.20166; 10.1002/asi.20167; 10.1002/asi.20200; 10.1002/asi.20317; 10.1002/asi.20373; 10.1002/asi.20383; 10.1002/asi.20405; 10.1002/asi.20420; 10.1002/asi.20614; 10.1002/asi.20663; 10.1002/asi.20683; 10.1002/asi.20746; 10.1002/asi.20898; 10.1002/asi.20965; 10.1002/asi.4630270505; 10.1002/asi.4630330304; 10.1002/asi.5090110105; 10.1002/(sici)1097-4571(198707)38:4<305::aid-asi11>3.0.co;2-i; 10.1002/(sici)1097-4571(199607)47:7<568::aid-asi8>3.0.co;2-s; 10.1002/(sici)1097-4571(1998)49:14<1283::aid-asi6>3.0.co;2-i; 10.1002/(sici)1097-4571(1999)50:9<799::aid-asi9>3.0.co;2-g; 10.1002/(sici)1097-4571(2000)51:4<324::aid-asi3>3.0.co;2-b; 10.1007/11890850_2; 10.1007/bf01277643; 10.1007/bf02016680; 10.1007/s11192-005-0255-6; 10.1007/s11192-006-0151-8; 10.1007/s11192-006-0176-z; 10.1007/s11192-007-1661-8; 10.1007/s11192-007-1807-8; 10.1007/s11192-007-1889-3; 10.1007/s11214-007-9224-0; 10.1016/0306-4573(76)90048-0; 10.1016/j.acalib.2006.05.005; 10.1016/j.ipm.2004.04.017; 10.1016/j.ipm.2005.03.010; 10.1016/j.ipm.2005.03.014; 10.1016/j.ipm.2005.03.024; 10.1016/j.joi.2007.04.001; 10.1016/j.joi.2007.11.001; 10.1016/j.joi.2008.10.001; 10.1016/j.lisr.2006.06.005; 10.1016/j.lisr.2007.03.005; 10.1016/s0169-7552(98)00110-x; 10.1016/s0306-4573(01)00060-7; 10.1016/s0740-624x(97)90034-4; 10.1017/cbo9780511815478; 10.1023/a:1019288403823; 10.1038/206233a0; 10.1038/227669a0; 10.1038/35079151; 10.1038/430311a; 10.1038/440413a; 10.1045/july2001-vandesompel; 10.1045/march2001-vandesompel
2010,10.1002/aris.2010.1440440114,10.1080/1941126x.2016.1164550; 10.3233/isu-170862; 10.1007/s11192-010-0317-2; 10.4018/978-1-4666-7536-0.ch010; 10.2200/s00624ed1v01y201501icr039; 10.1002/aris.2011.1440450114; 10.1002/asi.21495; 10.1002/asi.23044; 10.1002/meet.14504701284; 10.1108/ajim-03-2015-0049; 10.3390/publications1030099; 10.36702/zin.11; 10.1007/s11192-020-03505-6,,Annual Review Of Information Science And Technology,44,"Brown, Cecelia",Communication In The Sciences,1,issn:0066-4200,13,285-316,10.1002/1097-4571(2000)9999:9999<::aid-asi1044>3.0.co;2-1; 10.1002/1097-4571(2000)9999:9999<::aid-asi1045>3.0.co;2-z; 10.1002/1097-4571(2000)9999:9999<::aid-asi1047>3.0.co;2-t; 10.1002/1097-4571(2000)9999:9999<::aid-asi1586>3.0.co;2-d; 10.1002/aris.1440360102; 10.1002/aris.1440360103; 10.1002/aris.1440370105; 10.1002/aris.1440380102; 10.1002/aris.1440380113; 10.1002/aris.1440390110; 10.1002/aris.1440400110; 10.1002/aris.2007.1440410121; 10.1002/aris.2008.1440420114; 10.1002/asi.10223; 10.1002/asi.10289; 10.1002/asi.10291; 10.1002/asi.10302; 10.1002/asi.20026; 10.1002/asi.20095; 10.1002/asi.20167; 10.1002/asi.20199; 10.1002/asi.20256; 10.1002/asi.20405; 10.1002/asi.20486; 10.1002/asi.20487; 10.1002/asi.20584; 10.1002/asi.20639; 10.1002/asi.20663; 10.1002/asi.20666; 10.1002/asi.20676; 10.1002/(sici)1097-4571(199105)42:4<233::aid-asi1>3.0.co;2-i; 10.1002/(sici)1097-4571(199105)42:4<252::aid-asi2>3.0.co;2-g; 10.1002/(sici)1097-4571(19980501)49:6<507::aid-asi3>3.0.co;2-x; 10.1002/(sici)1097-4571(1999)50:10<929::aid-asi8>3.0.co;2-g; 10.1007/s11192-006-0151-8; 10.1007/s11192-007-1661-8; 10.1007/s11192-008-0217-x; 10.1007/s12109-997-0016-x; 10.1016/0020-0271(72)90041-1; 10.1016/0160-791x(90)90015-5; 10.1016/j.acalib.2006.02.006; 10.1016/j.acalib.2006.05.005; 10.1016/j.ipm.2005.03.010; 10.1016/j.ipm.2005.03.012; 10.1016/j.ipm.2005.03.024; 10.1016/j.ipm.2006.01.006; 10.1016/j.ipm.2006.06.003; 10.1016/j.joi.2007.04.001; 10.1016/j.lisr.2005.04.011; 10.1016/s0099-1333(03)00018-1; 10.1021/cen-v077n036.p011a; 10.1021/cen-v084n027.p008a; 10.1021/es992851g; 10.1023/a:1014848323806; 10.1023/b:scie.0000027304.80068.0c; 10.1037/h0024051; 10.1038/16300; 10.1038/35079151; 10.1038/35079156; 10.1045/may2003-king; 10.1086/116242; 10.1086/316546; 10.1108/00220410410548144; 10.1108/07378830610715383; 10.1108/eum0000000007205; 10.1111/j.1083-6101.2007.00337.x; 10.1126/science.102.2639.79; 10.1126/science.2343306; 10.1126/science.283.5408.1610; 10.1126/science.286.5441.887a; 10.1126/science.287.5453.563; 10.1126/science.319.5866.1025a; 10.1136/bmj.38422.611736.e0; 10.1142/9789812701527_0003; 10.1145/276675.276685; 10.1177/016224399101600404; 10.1177/016555150002600505; 10.1177/1075547095016004003; 10.1177/1075547095017002009; 10.1300/j122v26n01_06; 10.1371/journal.pbio.0040157; 10.1371/journal.pone.0000308; 10.1515/libr.2006.239; 10.5860/crl.59.5.448; 10.5860/crl.65.5.372; 10.7312/pric91844
2008,10.1002/art.22961,,,Arthritis & Rheumatism,58,"Lockshin, Michael D.",Arthritis &Rheumatism ± 50,S2,issn:0004-3591; issn:1529-0131,0,S1-S6,10.1016/s0140-6736(98)10208-8; 10.1038/438548a; 10.1038/438550a; 10.1038/441914a; 10.1038/445009a; 10.1038/4471052d; 10.1126/science.309.5743.1974; 10.1371/journal.pbio.0030097; 10.1371/journal.pbio.0040157; 10.1371/journal.pbio.0040176; 10.1371/journal.pbio.0040199
2007,10.1002/asi.20663,10.1002/nadc.20194086508; 10.1080/10691316.2014.929065; 10.3233/isu-190053; 10.1007/s11192-009-0111-1; 10.1007/s11192-010-0183-y; 10.1007/s11192-010-0231-7; 10.1007/s11192-012-0873-8; 10.1007/s11192-013-1101-x; 10.1007/s11192-013-1215-1; 10.1007/s11192-014-1432-2; 10.1007/s11192-015-1547-0; 10.1007/s11192-015-1607-5; 10.1007/s11192-016-1889-2; 10.1007/s11192-016-2113-0; 10.1007/s11192-017-2316-z; 10.1007/s11192-017-2422-y; 10.1007/s11192-017-2585-6; 10.1007/s11192-019-03156-2; 10.1093/reseval/rvx035; 10.1139/facets-2016-0032; 10.1080/08109021003676383; 10.1177/0165551508092268; 10.1177/0165551510389358; 10.1177/0165551519865489; 10.12688/f1000research.12037.1; 10.12688/f1000research.12037.2; 10.12688/f1000research.12037.3; 10.6087/kcse.72; 10.1371/journal.pone.0201885; 10.1007/s00148-016-0620-1; 10.1108/00242530910997946; 10.1108/02640471011065364; 10.1108/02640471111177107; 10.1002/9783527681969.biblio; 10.1007/978-3-319-50627-2_3; 10.1002/aris.2010.1440440108; 10.1002/aris.2010.1440440114; 10.1002/asi.20965; 10.1002/asi.21166; 10.1002/asi.21532; 10.1002/asi.22772; 10.1002/asi.22963; 10.1002/asi.23038; 10.1002/asi.23044; 10.1002/asi.23267; 10.1002/asi.23309; 10.1002/asi.23687; 10.1002/asi.23897; 10.1002/asi.24029; 10.1111/j.1471-1842.2008.00815.x; 10.1007/978-1-4471-4474-8_21; 10.1371/journal.pone.0059877; 10.1002/meet.2014.14505101017; 10.1108/14684520810923881; 10.1108/14684521011084618; 10.1108/14684521211206953; 10.1108/ajim-03-2015-0049; 10.1080/08963568.2014.883875; 10.1515/9783110263749.157; 10.1108/jea-02-2015-0013; 10.3174/ajnr.a1177; 10.1371/journal.pone.0193459; 10.3989/redc.2017.3.1422; 10.3145/epi.2012.mar.07; 10.1371/journal.pbio.2002536; 10.1081/e-elis3-120045180; 10.1108/oir-07-2013-0159; 10.1080/01930821003634930; 10.1080/01930826.2011.589349; 10.1016/j.ibbai.2016.02.019; 10.1371/journal.pone.0148257; 10.1101/673665; 10.3103/s0147688218030097; 10.1109/sws.2009.5271725; 10.1109/itme.2008.4743892; 10.1007/978-3-030-02511-3_10; 10.1007/978-3-030-02511-3_30; 10.1007/978-3-030-02511-3_5; 10.1002/asi.24326; 10.1007/s11192-019-03221-w; 10.1007/s11192-019-03265-y; 10.1162/qss_a_00043,,Journal Of The American Society For Information Science And Technology,58,"Moed, Henk F.",The Effect Of “Open Access” On Citation Impact: An Analysis Of Arxiv'S Condensed Matter Section,13,issn:1532-2882; issn:1532-2890,82,2047-2054,10.1002/(sici)1097-4571(2000)51:2<158::aid-asi7>3.0.co;2-x; 10.1016/j.ipm.2005.03.010; 10.1126/science.178.4060.471; 10.1371/journal.pbio.0040157
2007,10.1002/asi.20676,10.1007/s11192-007-1890-x; 10.1007/s11192-009-1870-4; 10.1007/s11192-016-1889-2; 10.1007/s11192-018-2663-4; 10.1177/0165551508092268; 10.1108/00220410910926121; 10.1108/02640471111177107; 10.1002/aris.2010.1440440114; 10.1002/asi.23897; 10.1108/gkmc-10-2018-0085; 10.4018/978-1-5225-0819-9.ch007; 10.1108/ajim-03-2015-0049; 10.1080/01930821003634930; 10.1016/j.ibbai.2016.02.019; 10.1007/s11192-019-03221-w,,Journal Of The American Society For Information Science And Technology,58,"Sotudeh, Hajar; Horri, Abbas",The Citation Performance Of Open Access Journals: A Disciplinary Investigation Of Citation Distribution Models,13,issn:1532-2882; issn:1532-2890,15,2145-2156,10.1002/1097-4571(2000)9999:9999<::aid-asi1586>3.0.co;2-d; 10.1002/aris.1440400110; 10.1002/asi.10223; 10.1002/asi.20095; 10.1002/asi.20096; 10.1002/asi.20199; 10.1002/(sici)1097-4571(198605)37:3<136::aid-asi4>3.0.co;2-r; 10.1002/(sici)1097-4571(19980501)49:6<507::aid-asi3>3.0.co;2-x; 10.1002/(sici)1097-4571(1998)49:14<1283::aid-asi6>3.0.co;2-i; 10.1007/bf02017156; 10.1007/bf02129596; 10.1007/bf02129597; 10.1016/j.ipm.2005.03.010; 10.1016/j.serrev.2004.09.005; 10.1016/j.serrev.2004.09.013; 10.1016/s0048-7333(99)00010-4; 10.1016/s0267-3649(00)88298-9; 10.1023/b:scie.0000027304.80068.0c; 10.1038/227669a0; 10.1038/35079151; 10.1045/october2002-hitchcock; 10.1056/nejm199906103402309; 10.1080/00987913.2004.10764921; 10.1080/00987913.2004.10764930; 10.1087/09531510252848881; 10.1087/095315102753303634; 10.1087/095315103322110923; 10.1087/095315104323159621; 10.1087/095315104323159649; 10.1108/00220410510607499; 10.1108/01435129710166473; 10.1108/02640470410570848; 10.1108/eum0000000007175; 10.1126/science.178.4060.471; 10.1126/science.285.5425.197; 10.1136/bmj.314.7079.497; 10.1371/journal.pbio.0040157; 10.1511/1998.37.803; 10.2196/jmir.8.2.e8; 10.3152/147154300781782156; 10.3998/3336451.0006.303; 10.4065/79.8.1001; 10.5860/crl.58.1.19; 10.5860/crl.65.5.372
2008,10.1002/asi.20898,10.1080/13614530903162854; 10.1080/21662282.2016.1190508; 10.1007/s11135-014-0110-z; 10.1186/s12954-017-0158-x; 10.1007/s11192-010-0183-y; 10.1007/s11192-010-0197-5; 10.1007/s11192-013-1101-x; 10.1007/s11192-015-1547-0; 10.1007/s11192-015-1642-2; 10.1007/s11192-016-2140-x; 10.1007/s11192-017-2422-y; 10.1007/s11192-019-03156-2; 10.4018/978-1-7998-0043-9.ch002; 10.1093/reseval/rvx035; 10.1139/facets-2016-0032; 10.1002/hep.24004; 10.7554/elife.16800; 10.1177/0165551510389358; 10.1177/0165551519837183; 10.12688/f1000research.10892.1; 10.1136/heartjnl-2013-304596; 10.4018/978-1-4666-5888-2.ch241; 10.1108/00012530910973794; 10.1108/00220411111164673; 10.1108/02641610910938604; 10.1108/07378831211285077; 10.1007/s10657-016-9528-1; 10.1080/15424065.2018.1554464; 10.1371/journal.pone.0093949; 10.1080/0048721x.2014.893680; 10.1186/s41029-015-0006-9; 10.5860/lrts.55n3.138; 10.1016/j.ehj.2013.09.004; 10.1007/s00234-013-1227-9; 10.1002/aris.2010.1440440108; 10.1002/asi.21532; 10.1002/asi.23070; 10.1002/asi.23741; 10.1007/978-94-6091-299-3_8; 10.1108/el-11-2016-0245; 10.1108/gkmc-09-2018-0077; 10.4018/978-1-5225-0819-9.ch007; 10.4018/978-1-5225-2255-3.ch385; 10.4018/978-1-5225-2255-3.ch587; 10.4018/978-1-5225-7659-4.ch015; 10.4018/978-1-5225-7659-4.ch046; 10.1002/meet.2009.1450460274; 10.1108/14678041011064052; 10.1108/14684520810923881; 10.1108/14684521011084618; 10.1108/14684521211206953; 10.1080/10572317.2015.1021625; 10.5465/amle.2013.0373; 10.1007/s12471-013-0470-3; 10.1002/pra2.2017.14505401126; 10.1145/2808047.2808060; 10.1108/lht-05-2014-0039; 10.1108/lht-10-2013-0146; 10.1108/lr-07-2013-0088; 10.1108/oir-08-2017-0235; 10.1108/prog-07-2012-0036; 10.1017/s1049096514001668; 10.1017/s1049096517000014; 10.1890/es14-00485.1; 10.1016/j.ibbai.2016.02.019; 10.7202/1045310ar; 10.1371/journal.pone.0011273; 10.1007/s40362-013-0003-x; 10.1002/2018jg004502; 10.1080/09737766.2013.832906; 10.3390/publications4030022; 10.1007/978-3-319-12739-2_3; 10.1016/j.aci.2019.10.003; 10.1002/ca.23580; 10.1007/s11192-019-03221-w; 10.1108/oir-03-2019-0087; 10.1097/xce.0000000000000191,https://repository.lboro.ac.uk/articles/The_citation_advantage_of_open-access_articles/9413240/files/17031161.pdf,Journal Of The American Society For Information Science And Technology,59,"Norris, Michael; Oppenheim, Charles; Rowland, Fytton",The Citation Advantage Of Open-Access Articles,12,issn:1532-2882; issn:1532-2890,77,1963-1972,10.1002/asi.20199; 10.1002/asi.20677; 10.1007/s11192-006-0007-2; 10.1007/s11192-007-1661-8; 10.1007/s11207-006-0262-7; 10.1016/b978-1-84334-203-8.50008-x; 10.1016/j.ipm.2005.03.010; 10.1016/j.joi.2006.12.001; 10.1016/j.joi.2007.04.001; 10.1016/s0008-6363(96)00215-5; 10.1023/a:1024141819302; 10.1038/35079151; 10.1073/pnas.0507655102; 10.1080/00987913.2004.10764930; 10.1108/14684520510598066; 10.1136/bmj.38422.611736.e0; 10.1371/journal.pbio.0040157; 10.4324/9780203496787; 10.5860/crl.65.5.372
2009,10.1002/asi.20965,10.1096/fj.11-183988; 10.1007/s11192-009-0111-1; 10.1007/s11192-016-2088-x; 10.1007/s11192-017-2316-z; 10.1007/s11192-017-2414-y; 10.3743/kosim.2013.30.1.131; 10.1111/ecin.12545; 10.1111/radm.12377; 10.1177/0165551510389358; 10.1177/0165551519865489; 10.1201/b16753-2; 10.1007/s11227-018-2714-x; 10.1111/j.1523-1739.2010.01509.x; 10.4000/sds.205; 10.1108/00220411111164673; 10.1108/00242530910978172; 10.1080/15424065.2018.1554464; 10.1016/j.serrev.2009.08.008; 10.1126/science.325_266a; 10.1007/s00005-009-0016-y; 10.3897/zookeys.150.1766; 10.1002/aris.2011.1440450114; 10.1002/aris.2010.1440440108; 10.1002/asi.21195; 10.1002/asi.21528; 10.1002/asi.23209; 10.1002/asi.23897; 10.4018/978-1-5225-0819-9.ch007; 10.1108/14684521011084618; 10.1108/14684521211206953; 10.1515/9783110263749.157; 10.1108/oir-05-2014-0102; 10.1108/oir-08-2015-0276; 10.1080/01930826.2011.589349; 10.1016/j.ibbai.2016.02.019; 10.1080/00987913.2009.10765259; 10.1007/978-3-319-12739-2_3; 10.1007/s11192-019-03221-w; 10.1007/s11192-020-03426-4,http://arxiv.org/pdf/0808.2428v1.pdf,Journal Of The American Society For Information Science And Technology,60,"Davis, Philip M.",Author-Choice Open-Access Publishing In The Biological And Medical Literature: A Citation Analysis,1,issn:1532-2882; issn:1532-2890,39,3-8,10.1002/asi.20663; 10.1002/(sici)1097-4571(199210)43:9<628::aid-asi5>3.0.co;2-0; 10.1007/bf01553188; 10.1007/s11192-007-1661-8; 10.1016/j.ipm.2005.03.010; 10.1016/j.joi.2007.04.001; 10.1086/354848; 10.1126/science.122.3159.108; 10.1136/bmj.38422.611736.e0; 10.1136/bmj.a568; 10.1177/014107680609900907; 10.1371/journal.pbio.0040157
2011,10.1002/asi.21532,10.1002/leap.1093; 10.3390/socsci8080236; 10.1007/s11192-013-1009-5; 10.1007/s11192-013-1101-x; 10.1007/s11192-013-1205-3; 10.1007/s11192-015-1607-5; 10.1007/s11192-016-2166-0; 10.1007/s11192-017-2414-y; 10.1007/s11192-017-2416-9; 10.1007/s11192-017-2629-y; 10.1007/s11192-018-2716-8; 10.1007/s11192-018-2924-2; 10.1186/1741-7015-10-73; 10.1371/journal.pone.0154217; 10.1108/02641611211214314; 10.1590/0103-3786201400030005; 10.1590/1981-5344/2582; 10.2196/jmir.1802; 10.1007/978-3-319-50627-2_3; 10.1002/asi.22963; 10.1002/asi.23115; 10.1108/cb-02-2017-0007; 10.1108/gkmc-10-2018-0085; 10.1108/ajim-03-2015-0049; 10.1111/1541-4337.12223; 10.5325/jinfopoli.4.2014.0044; 10.3989/redc.2012.3.903; 10.3989/redc.2015.3.1197; 10.3145/epi.2012.mar.04; 10.3145/epi.2013.sep.13; 10.1108/lht-10-2013-0146; 10.1108/lr-01-2014-0006; 10.1080/01639269.2014.866019; 10.1007/s00772-015-0048-z; 10.3390/publications3030190; 10.3390/publications4010001; 10.3390/publications5040022; 10.1177/0961000616657406; 10.1007/978-3-030-02511-3_5; 10.1007/s11192-019-03221-w; 10.1007/s11192-019-03265-y,https://digital.csic.es/bitstream/10261/67330/1/open_access_scopus_scientific_visibility_standpoint_access.pdf,Journal Of The American Society For Information Science And Technology,62,"Miguel, Sandra; Chinchilla-Rodriguez, Zaida; De Moya-Anegón, Félix",Open Access And Scopus: A New Approach To Scientific Visibility From The Standpoint Of Access,6,issn:1532-2882,41,1130-1145,10.1002/asi.20405; 10.1002/asi.20663; 10.1002/asi.20898; 10.1002/(sici)1097-4571(1998)49:1<30::aid-asi5>3.0.co;2-3; 10.1007/bf02129599; 10.1007/bf02457982; 10.1007/bf02459613; 10.1007/s11192-005-0004-x; 10.1007/s11192-007-1681-4; 10.1016/0306-4573(94)90022-1; 10.1016/j.ipm.2005.03.010; 10.1016/j.joi.2010.03.002; 10.1016/j.joi.2007.04.001; 10.1016/j.serrev.2004.09.013; 10.1016/j.serrev.2007.12.005; 10.1038/35079151; 10.1087/095315106778690733; 10.1096/fj.07-9492lsf; 10.1108/03074800810846010; 10.1108/14684520610686337; 10.1108/14684520810879872; 10.1108/14684520810897403; 10.1108/14684521011073034; 10.1111/j.1523-1739.2010.01509.x; 10.1136/bmj.a568; 10.1157/13093056; 10.1177/0165551508098603; 10.1186/1742-5581-3-7; 10.1186/1742-5581-4-1; 10.1353/lib.0.0011; 10.1371/journal.pbio.0040157; 10.1371/journal.pone.0006022; 10.1371/journal.pone.0011273; 10.1371/journal.pone.0013636; 10.22230/cjc.2004v29n3a1455; 10.3145/epi.2005.feb.07; 10.3145/epi.2007.nov.11; 10.3152/147154499781777577; 10.3390/molecules15064450
2011,10.1002/asi.21569,10.1002/j.1681-4835.2016.tb00520.x; 10.1007/s11192-017-2629-y; 10.7717/peerj.2323; 10.1080/0361526x.2012.724377; 10.1108/03074801311304078; 10.1002/asi.22778; 10.1108/s0732-0671(2014)0000032003; 10.1080/01639269.2014.866019,,Journal Of The American Society For Information Science And Technology,62,"Walters, William H.; Linvill, Anne C.",Bibliographic Index Coverage Of Open-Access Journals In Six Subject Areas,8,issn:1532-2882,8,1614-1628,10.1002/asi.20584; 10.1002/asi.20686; 10.1002/asi.21307; 10.1007/s11192-008-0217-x; 10.1007/s11192-010-0202-z; 10.1016/j.ipm.2006.08.006; 10.1016/j.joi.2007.04.001; 10.1016/j.serrev.2004.09.013; 10.1080/03615261003623187; 10.1087/095315106775122565; 10.1087/2009208; 10.1087/2009209; 10.1108/00220410710836394; 10.1108/07419050510633952; 10.1108/14684520710841784; 10.1108/14684520810923881; 10.1300/j122v21n03_02; 10.1300/j123v50n03_07; 10.1353/pla.0.0034; 10.1353/pla.2002.0073; 10.1353/pla.2006.0026; 10.1371/journal.pbio.0000036; 10.1371/journal.pbio.0040157; 10.1371/journal.pone.0011273; 10.1629/1845; 10.5860/crl.66.5.407
2016,10.1002/asi.23687,10.1145/3197026.3197039; 10.1007/s11192-017-2447-2; 10.1007/s11192-017-2474-z; 10.4000/rfsic.3271; 10.1002/9781119170174.epcn519; 10.1007/978-3-319-67642-5_47; 10.1177/0748730418768120; 10.1007/978-3-319-70407-4_36; 10.1101/093518; 10.1007/978-3-319-99972-2_11; 10.3103/s0147688219020059; 10.1109/bigdata.2016.7840616; 10.1371/journal.pone.0228713; 10.2964/jsik_2020_004; 10.3390/publications8020017; 10.3389/fbloc.2019.00016; 10.1007/s11192-019-03221-w; 10.1007/s11192-019-03301-x; 10.1145/3366423.3380300; 10.1101/2020.05.10.087643; 10.1162/qss_a_00032; 10.3390/info11050263,https://doi.org/10.1002/asi.23687,Journal Of The Association For Information Science And Technology,68,"Teplitskiy, Misha; Lu, Grace; Duede, Eamon",Amplifying The Impact Of Open Access: Wikipedia And The Diffusion Of Science,9,issn:2330-1635,22,2116-2127,10.1002/asi.20663; 10.1002/asi.21024; 10.1002/asi.22963; 10.1002/asi.23162; 10.1002/asi.23172; 10.1002/asi.4630340206; 10.1007/s11192-011-0412-z; 10.1016/j.joi.2010.03.002; 10.1016/j.respol.2011.05.025; 10.1038/495426a; 10.1080/1369118x.2015.1008538; 10.1096/fj.11-183988; 10.1111/jcom.12082; 10.1126/science.1154562; 10.1136/bmj.314.7079.497; 10.1136/bmj.38422.611736.e0; 10.1136/bmj.a568; 10.1140/epjds20; 10.1145/2467696.2467746; 10.1177/0306312714535679; 10.1177/1075547001022003003; 10.1186/1741-7015-10-73; 10.1197/jamia.m3059; 10.1371/journal.pbio.0040157; 10.1371/journal.pone.0013636; 10.2196/jmir.4069; 10.2196/jmir.8.2.e8; 10.3163/1536-5050.99.3.008; 10.5210/fm.v12i4.1765; 10.5210/fm.v12i8.1997
2016,10.1002/asi.23704,10.1002/asi.24124; 10.1002/asi.24162; 10.1108/lht-11-2017-0240; 10.1108/lht-04-2019-0091; 10.1080/0267257x.2019.1697104; 10.2196/preprints.19686,http://openaccess.city.ac.uk/13550/3/CRO%2520paper%2520ACCEPTED%2520with%2520author%2520details.pdf,Journal Of The Association For Information Science And Technology,68,"Botting, Nicola; Dipper, Lucy; Hilari, Katerina",The Effect Of Social Media Promotion On Academic Article Uptake,3,issn:2330-1635,6,795-800,10.1002/asi.23101; 10.1038/512126a; 10.1087/20110306; 10.1136/bmj.39062.555405.80; 10.1371/journal.pbio.0040157; 10.1371/journal.pone.0047523; 10.1371/journal.pone.0120495
2017,10.1002/asi.23897,10.1177/0165551519865481; 10.1177/0165551519865489; 10.7717/peerj.4269; 10.1002/nadc.20194086508,http://hdl.handle.net/10.1002/asi.23897,Journal Of The Association For Information Science And Technology,68,"Nelson, Gregory M., 0000-0002-8382-910X; Eggett, Dennis L.","Citations, Mandates, And Money: Author Motivations To Publish In Chemistry Hybrid Open Access Journals",10,issn:2330-1635,4,2501-2510,10.1001/jama.2009.1307; 10.1002/asi.10223; 10.1002/asi.20373; 10.1002/asi.20663; 10.1002/asi.20676; 10.1002/asi.20965; 10.1002/asi.21660; 10.1002/(sici)1097-4571(199210)43:9<628::aid-asi5>3.0.co;2-0; 10.1016/j.joi.2007.04.001; 10.1016/j.respol.2011.05.025; 10.1073/pnas.0307315101; 10.1087/095315108x288884; 10.1096/fj.11-183988; 10.1108/00220410910926121; 10.1111/j.1471-1842.2009.00852.x; 10.1126/science.1154562; 10.1136/bmj.38359.695220.82; 10.1136/bmj.a568; 10.1177/0165551515587855; 10.1258/jrsm.99.3.141; 10.12688/f1000research.8460.3; 10.1371/journal.pbio.0040157; 10.1371/journal.pone.0013636
2018,10.1002/asi.23934,10.1007/s11192-018-2874-8; 10.1007/s11192-019-03052-9; 10.1007/s11192-019-03108-w; 10.7554/elife.42254; 10.1108/oir-07-2017-0211; 10.1101/673665; 10.1007/s11192-020-03347-2; 10.1108/oir-01-2019-0027; 10.1145/3375192; 10.1162/qss_a_00043,,Journal Of The Association For Information Science And Technology,69,"Didegah, Fereshteh, 0000-0003-0463-0168; Bowman, Timothy D.; Holmberg, Kim",On The Differences Between Citations And Altmetrics: An Investigation Of Factors Driving Altmetrics Versus Citations For Finnish Articles,6,issn:2330-1635,10,832-843,10.1001/jama.287.21.2847; 10.1001/jama.298.9.1002; 10.1002/asi.21572; 10.1002/asi.21694; 10.1002/asi.23286; 10.1002/asi.23501; 10.1002/(sici)1097-4571(199401)45:1<39::aid-asi5>3.0.co;2-q; 10.1007/bf02457963; 10.1007/s11192-007-1573-7; 10.1007/s11192-007-1892-8; 10.1007/s11192-009-0007-0; 10.1007/s11192-009-2126-z; 10.1007/s11192-010-0191-y; 10.1007/s11192-011-0343-8; 10.1007/s11192-017-2368-0; 10.1016/j.joi.2010.06.003; 10.1016/j.joi.2009.06.002; 10.1016/j.joi.2011.08.004; 10.1016/j.joi.2012.11.009; 10.1016/j.joi.2013.08.006; 10.1016/j.tree.2004.10.010; 10.1017/cbo9780511814365; 10.1023/b:scie.0000027313.91401.9b; 10.1046/j.1360-0443.2002.00104.x; 10.1093/reseval/rvv039; 10.1108/00012531111187243; 10.1108/00220410810844150; 10.1177/016555158701300501; 10.1177/030631277700700112; 10.1177/147470490900700301; 10.1371/journal.pbio.0040157; 10.1371/journal.pone.0000403; 10.1371/journal.pone.0120495; 10.1509/jmkg.71.3.171; 10.2307/2657504; 10.1002/rwm3.20345
2018,10.1002/asi.24002,10.1007/s11192-019-03085-0; 10.1007/s11192-019-03159-z; 10.1177/1467358418800121,,Journal Of The Association For Information Science And Technology,69,"Yan, Erjia, 0000-0002-0365-9340; Li, Kai",Which Domains Do Open-Access Journals Do Best In? A 5-Year Longitudinal Study,6,issn:2330-1635,3,844-856,10.1002/asi.21424; 10.1002/asi.23106; 10.1002/asi.23271; 10.1002/asi.23406; 10.1002/asi.23541; 10.1002/asi.23670; 10.1007/s11192-007-1682-3; 10.1007/s11192-009-0121-z; 10.1016/j.joi.2010.09.002; 10.1016/j.joi.2012.11.008; 10.1016/j.joi.2017.04.005; 10.1038/489179a; 10.1038/520429a; 10.1038/nature.2016.21131; 10.1080/00987913.2004.10764930; 10.1087/095315108x288884; 10.1093/applin/20.3.341; 10.1096/fj.08-107938; 10.1108/14666180010345564; 10.1111/ecin.12064; 10.1126/science.1154562; 10.1145/1467247.1467279; 10.1186/1741-7015-10-73; 10.12688/f1000research.8460.3; 10.1371/journal.pbio.0040157; 10.1371/journal.pone.0013636; 10.1371/journal.pone.0020961; 10.1371/journal.pone.0165359; 10.5860/crl.65.5.372; 10.7717/peerj.981
2019,10.1002/asi.24235,,https://munin.uit.no/bitstream/10037/17262/3/article.pdf,Journal Of The Association For Information Science And Technology,71,"Moksness, Lars, 0000-0002-5214-1062; Olsen, Svein Ottar",Perceived Quality And Self‐Identity In Scholarly Publishing,3,issn:2330-1635; issn:2330-1643,0,338-348,10.1002/asi.23446; 10.1002/asi.23598; 10.1002/ecs2.1887; 10.1002/ejsp.2420010202; 10.1002/job.359; 10.1007/s00367-011-0272-9; 10.1007/s10734-004-2919-1; 10.1007/s11192-009-2124-1; 10.1007/s11192-011-0561-0; 10.1007/s11192-015-1547-0; 10.1007/s12525-017-0249-2; 10.1016/j.ijresmar.2012.08.002; 10.1016/j.joi.2013.03.008; 10.1016/j.jretconser.2014.02.005; 10.1016/j.lisr.2017.01.002; 10.1016/j.respol.2009.02.007; 10.1016/j.tourman.2015.05.013; 10.1016/s1071-5819(03)00043-0; 10.1038/422259a; 10.1080/00987913.2016.1196844; 10.1080/07294360500453053; 10.1080/08961530.2016.1251870; 10.1080/14792772143000003; 10.1087/095315104323159649; 10.1108/jd-02-2017-0019; 10.1109/tpc.2007.908733; 10.1111/1464-0597.00020; 10.1111/j.1559-1816.1998.tb01685.x; 10.1111/j.1751-9004.2007.00066.x; 10.1136/bmj.314.7079.497; 10.1177/002224298805200302; 10.1177/002224378101800313; 10.1177/0165551515587855; 10.1177/0266666910385375; 10.1186/1742-5581-4-1; 10.1186/s12916-015-0469-2; 10.1207/s1532706xschwartz; 10.1257/000282805774670112; 10.1348/014466601164939; 10.1348/014466699164149; 10.1348/096317900166949; 10.1371/journal.pbio.0040157; 10.1371/journal.pone.0020961; 10.1515/libri-2012-0026; 10.2307/2695870; 10.2307/2786955; 10.28945/51; 10.3233/isu-140742; 10.5465/amr.1989.4278999; 10.5465/amr.2000.2791606; 10.5860/crl.79.5.671; 10.1002/asi.21283; 10.1007/978-3-319-54395-6_53; 10.1186/1741-7015-10-73; 10.2307/1251446; 10.2307/258189; 10.2307/259266
2013,10.1111/acem.12235,10.1111/jgs.14938; 10.1017/cem.2016.407; 10.1111/acem.12227; 10.1111/acem.12482; 10.1111/acem.12898; 10.4300/jgme-d-15-00388.1; 10.15441/ceem.16.156; 10.1007/s40037-017-0343-3; 10.5811/westjem.2017.1.33197,https://digitalcommons.wustl.edu/cgi/viewcontent.cgi?article=1000&context=em_pubs,Academic Emergency Medicine,20,"Carpenter, Christopher R.; Sarli, Cathy C.; Fowler, Susan A.; Kulasegaram, Kulamakan; Vallera, Teresa; Lapaine, Pierre; Schalet, Grant; Worster, Andrew",Best Evidence In Emergency Medicine (Beem) Rater Scores Correlate With Publications’ Future Citations,10,issn:1069-6563,9,1004-1012,10.1001/jama.293.19.2362; 10.1001/jama.295.15.1801; 10.1001/jama.295.1.90; 10.1002/9781118469804.ch11; 10.1002/asi.21590; 10.1002/chp.22; 10.1007/bf02129604; 10.1007/bf02458472; 10.1016/j.ajem.2007.03.031; 10.1016/j.annemergmed.2006.08.022; 10.1016/j.clinthera.2011.11.008; 10.1016/j.jemermed.2004.09.015; 10.1017/cbo9780511811852; 10.1037/a0027127; 10.1056/nejmsa022615; 10.1073/pnas.0507655102; 10.1073/pnas.0707962104; 10.1080/19338240903293004; 10.1093/acprof:oso/9780199231881.001.0001; 10.1093/annonc/mdg203; 10.1097/acm.0b013e3181effdbc; 10.1111/acem.12003; 10.1111/acem.12017; 10.1111/acem.12226; 10.1111/acem.12227; 10.1111/j.1553-2712.2010.00889.x; 10.1111/j.1553-2712.2007.tb02381.x; 10.1111/j.1553-2712.2011.01214.x; 10.1126/science.122.3159.108; 10.1136/bmj.a568; 10.1136/jamia.1998.0050448; 10.1148/radiol.09090626; 10.1186/1472-6947-11-24; 10.1186/1741-7015-2-33; 10.1197/jamia.m2158; 10.1213/01.ane.0000136468.92993.cf; 10.1214/aos/1176344136; 10.1371/journal.pbio.0040157; 10.1371/journal.pbio.0050018; 10.1371/journal.pmed.0020124; 10.1371/journal.pone.0020885; 10.1592/phco.26.6.759; 10.2106/00004623-200405000-00019; 10.2196/jmir.2105; 10.2307/1297790; 10.2310/8000.2011.110608; 10.3163/1536-5050.100.1.006; 10.3163/1536-5050.98.1.008; 10.5811/westjem.2010.9.1895; 10.7326/0003-4819-138-1-200301070-00012-w1; 10.7326/0003-4819-142-4-200502150-00008; 10.1001/jama.2009.1307
2016,10.18352/lq.10149,10.1371/journal.pone.0225883; 10.1371/journal.pcbi.1007704; 10.1093/jisesa/ieaa036; 10.1177/2515245917747656; 10.1111/jiec.12738; 10.3389/frma.2017.00013; 10.1108/lm-11-2016-0082; 10.1108/oir-01-2017-0008; 10.1007/978-3-030-33642-4_8,http://www.liberquarterly.eu/articles/10.18352/lq.10149/galley/10654/download/,Liber Quarterly,26,"Drachen, Thea Marie; Ellegaard, Ole; Larsen, Asger Væring; Fabricius Dorch, Søren Bertil",Sharing Data Increases Citations,2,issn:2213-056X,9,67-82,10.1002/asi.23529; 10.1007/s11192-016-1887-4; 10.1016/j.ipm.2005.03.010; 10.1016/s0083-6656(96)00026-8; 10.1038/455028a; 10.1051/aas:2000170; 10.1051/aas:2000171; 10.1051/aas:2000173; 10.1109/mcse.2012.63; 10.1371/journal.pbio.0040157; 10.1371/journal.pone.0000308; 10.1371/journal.pone.0021101; 10.1371/journal.pone.0067111; 10.1371/journal.pone.0134826; 10.7717/peerj.175
2014,10.5596/c09-014,10.1007/s11192-015-1547-0; 10.5596/jchla3202fi; 10.1111/j.1471-1842.2012.00993.x; 10.4018/978-1-5225-0819-9.ch007; 10.1016/j.ibbai.2016.02.019; 10.1007/s11192-019-03221-w,https://doi.org/10.5596/c09-014,Journal Of The Canadian Health Libraries Association / Journal De L'Association Des Bibliothèques De La Santé Du Canada,30,"Greyson, Devon; Morgan, Steven",Open Access Archiving And Article Citations Within Health Services And Policy Research,2,issn:1708-6892,6,,10.1016/j.ipm.2005.03.024; 10.1023/a:1014808709694; 10.1038/35079151; 10.1108/eb026891; 10.1136/bmj.313.7054.411; 10.1136/bmj.a568; 10.1186/1471-2288-4-14; 10.1186/1742-5581-2-7; 10.1371/journal.pbio.0040157; 10.2307/2657504; 10.3998/3336451.0006.303; 10.4065/79.8.1001; 10.5860/crl.65.5.372
2014,10.1002/ca.22360,10.1007/s00330-016-4689-4; 10.1108/lr-08-2014-0091,,Clinical Anatomy,28,"Wing, Louise; Massoud, Tarik F.",Trends In Performance Indicators Of Neuroimaging Anatomy Research Publications: A Bibliometric Study Of Major Neuroradiology Journal Output Over Four Decades Based On Web Of Science Database,1,issn:0897-3806,2,16-26,10.1002/ase.70; 10.1002/ca.10017; 10.1002/ca.20453; 10.1002/(sici)1098-2353(1999)12:3<223::aid-ca15>3.0.co;2-8; 10.1007/bf00327443; 10.1007/bf00327570; 10.1007/bf00328385; 10.1007/bf00335043; 10.1007/bf00588176; 10.1007/s00234-006-0197-6; 10.1007/s00276-012-0998-8; 10.1007/s00296-011-2276-1; 10.1007/s11192-010-0246-0; 10.1016/j.jalz.2007.04.381; 10.1046/j.1365-2923.2003.01670.x; 10.1136/bmj.302.6783.1001; 10.1136/bmj.39490.551019.be; 10.1148/radiol.09090626; 10.1148/radiol.2292021507; 10.1177/016555150102700101; 10.1186/1471-2288-4-14; 10.1258/jrsm.2011.110005; 10.12816/0003083; 10.1308/003588407x168244; 10.1371/journal.pbio.0040157; 10.1503/cmaj.109-3179; 10.2214/ajr.150.1.31; 10.3322/canjclin.57.4.206; 10.4103/0256-4602.50699
2017,10.1007/978-981-10-4720-6_16,,,Writing And Publishing A Scientific Research Paper,,"Barreto, Savio George",Open Access For Publication – Can It Be Chosen?,,isbn:9789811047190; isbn:9789811047206,0,167-175,10.1002/asi.21660; 10.1038/35079151; 10.1038/489179a; 10.1038/495426a; 10.1080/1350178022000015122; 10.1087/20120207; 10.1186/1741-7015-10-124; 10.1186/1741-7015-10-73; 10.1186/1756-0500-7-238; 10.1186/s12916-015-0469-2; 10.1371/journal.pbio.0040157; 10.1371/journal.pone.0011273; 10.1371/journal.pone.0155843; 10.3390/publications3030155
2008,10.1111/j.1471-1842.2008.00815.x,,,Health Information & Libraries Journal,25,"Hersh, William",Ubiquitous But Unfinished: Grand Challenges For Information Retrieval,,issn:1471-1834; issn:1471-1842,0,90-93,10.1002/asi.20663; 10.1002/(sici)1097-4571(199512)46:10<729::aid-asi3>3.0.co;2-2; 10.1016/0306-4573(95)00076-3; 10.1093/nar/gkm1000; 10.1136/bmj.319.7206.358; 10.1186/1747-5333-1-3; 10.1197/jamia.m2082; 10.1371/journal.pbio.0040157; 10.1503/cmaj.1041255
2012,10.1111/j.1471-1842.2012.00993.x,10.5596/c13-058; 10.1111/j.1471-1842.2012.00998.x; 10.1111/hir.12112,,Health Information & Libraries Journal,29,"Chatterley, Trish; Storie, Dale; Chambers, Thane; Buckingham, Jeanette; Shiri, Ali; Dorgan, Marlene",Health Information Support Provided By Professional Associations In Canada,3,issn:1471-1834,3,233-241,10.1002/jclp.20492; 10.1111/j.1471-1842.2007.00713.x; 10.1111/j.1471-1842.2009.00851.x; 10.1111/j.1471-1842.2009.00860.x; 10.12927/hcq.2013.20880; 10.1371/journal.pbio.0040157; 10.1542/peds.114.1.265; 10.2471/blt.09.064659; 10.3163/1536-5050.96.2.138; 10.3163/1536-5050.97.1.009; 10.5596/c09-014; 10.5860/crln.67.7.7651; 10.5860/crln.68.7.7839
2013,10.1007/978-1-4471-4474-8_21,10.1093/jamia/ocx134,,Biomedical Informatics,,"Hersh, William R.",Information Retrieval And Digital Libraries,,isbn:9781447144731; isbn:9781447144748,1,613-641,10.1001/jama.1991.03470090086037; 10.1001/jama.1997.03540390074039; 10.1001/jama.2009.1307; 10.1001/jama.280.15.1347; 10.1001/jama.287.20.2691; 10.1001/jama.291.24.2946; 10.1001/jama.293.23.jed50037; 10.1001/jama.298.1.jed70037; 10.1001/jama.300.15.1817; 10.1002/asi.20136; 10.1002/asi.20663; 10.1002/(sici)1097-4571(198803)39:2<92::aid-asi4>3.0.co;2-p; 10.1002/(sici)1097-4571(199210)43:9<602::aid-asi3>3.0.co;2-q; 10.1002/(sici)1097-4571(199404)45:3<201::aid-asi9>3.0.co;2-w; 10.1002/(sici)1097-4571(199508)46:7<478::aid-asi2>3.0.co;2-#; 10.1002/(sici)1097-4571(199509)46:8<590::aid-asi7>3.0.co;2-#; 10.1002/(sici)1097-4571(199601)47:1<50::aid-asi5>3.0.co;2-1; 10.1007/978-0-387-78703-9; 10.1007/s10791-008-9076-6; 10.1016/0010-4809(90)90042-b; 10.1016/b978-012369377-8/50017-9; 10.1016/j.ijmedinf.2003.11.002; 10.1016/s0169-7552(98)00110-x; 10.1016/s0306-4573(00)00052-2; 10.1016/s0306-4573(98)00059-4; 10.1038/35079151; 10.1038/438900a; 10.1045/december2000-weibel; 10.1056/nejme048260; 10.1056/nejme048260; 10.1056/nejmp048190; 10.1056/nejmp048190; 10.1056/nejmsa022615; 10.1056/nejmsa022615; 10.1056/nejmsa1012065; 10.1056/nejmsa1012065; 10.1093/nar/gkh061; 10.1093/nar/gkh061; 10.1093/nar/gkq1172; 10.1093/nar/gkq1172; 10.1093/nar/gkq1243; 10.1093/nar/gkq1243; 10.1097/00001888-199903000-00012; 10.1097/00001888-199903000-00012; 10.1111/j.1365-2753.2004.00498.x; 10.1111/j.1365-2753.2004.00498.x; 10.1126/science.253.5023.974; 10.1126/science.253.5023.974; 10.1136/bmj.319.7206.358; 10.1136/bmj.319.7206.358; 10.1136/bmj.319.7212.761; 10.1136/bmj.319.7212.761; 10.1136/bmj.319.7220.1294; 10.1136/bmj.319.7220.1294; 10.1136/bmj.324.7337.555; 10.1136/bmj.324.7337.555; 10.1136/bmj.324.7339.710; 10.1136/bmj.324.7339.710; 10.1136/jamia.1994.95153434; 10.1136/jamia.1994.95153434; 10.1136/jamia.1998.0050001; 10.1136/jamia.1998.0050001; 10.1136/jamia.2000.0070324; 10.1136/jamia.2000.0070324; 10.1136/jamia.2001.0080317; 10.1136/jamia.2001.0080317; 10.1136/jamia.2009.001024; 10.1136/jamia.2009.001024; 10.1145/1327452.1327492; 10.1145/1327452.1327492; 10.1145/179606.179671; 10.1145/179606.179671; 10.1145/182.358466; 10.1145/182.358466; 10.1145/64789.64790; 10.1145/64789.64790; 10.1177/0272989x9501500203; 10.1177/0272989x9501500203; 10.1186/1747-5333-1-3; 10.1186/1747-5333-1-3; 10.1197/jamia.m0996; 10.1197/jamia.m0996; 10.1197/jamia.m1717; 10.1197/jamia.m1717; 10.1197/jamia.m2087; 10.1197/jamia.m2087; 10.1197/jamia.m3059; 10.1197/jamia.m3059; 10.1371/journal.pbio.0040157; 10.1371/journal.pbio.0040157; 10.1371/journal.pone.0011273; 10.1371/journal.pone.0011273; 10.1533/9781780631257; 10.1533/9781780631257; 10.1609/aimag.v31i3.2303; 10.1609/aimag.v31i3.2303; 10.3163/1536-5050.99.1.015; 10.3163/1536-5050.99.1.015; 10.5210/fm.v7i6.958; 10.5210/fm.v7i6.958; 10.7326/0003-4819-103-4-596; 10.7326/0003-4819-103-4-596; 10.7326/0003-4819-112-1-78; 10.7326/0003-4819-112-1-78; 10.7326/0003-4819-151-1-200907070-00013; 10.7326/0003-4819-151-1-200907070-00013; 10.7326/0003-4819-151-6-200909150-02002; 10.7326/0003-4819-151-6-200909150-02002
2015,10.1162/rest_a_00437,10.1371/journal.pone.0112520; 10.1007/s11192-016-1889-2; 10.1007/s11192-019-03052-9; 10.1111/ecin.12545; 10.7554/elife.16800; 10.1097/prs.0000000000004598; 10.1007/s11238-016-9553-0; 10.1371/journal.pone.0201885; 10.1007/s00148-016-0620-1; 10.1007/s10657-016-9528-1; 10.1111/joie.12167; 10.1257/jel.20161326; 10.1257/jel.20171452; 10.1108/ijem-11-2017-0300; 10.1002/ecs2.1887; 10.1075/jslp.20007.lev; 10.3102/0013189x20909834,https://halshs.archives-ouvertes.fr/halshs-01948311/file/McCabe_Snyder_ReStat_2015.pdf,Review Of Economics And Statistics,97,"Mccabe, Mark J.; Snyder, Christopher M.",Does Online Availability Increase Citations? Theory And Evidence From A Panel Of Economics And Business Journals,1,issn:0034-6535; issn:1530-9142,17,144-165,10.1007/s00199-004-0514-4; 10.1016/j.acalib.2012.11.035; 10.1016/j.ijindorg.2014.08.002; 10.1016/j.jebo.2006.05.017; 10.1016/j.jeconom.2008.05.009; 10.1016/j.joi.2007.04.001; 10.1016/j.respol.2011.05.025; 10.1016/s0304-4076(98)00033-5; 10.1038/35079151; 10.1093/oxfordjournals.cje.a035286; 10.1111/j.1756-2171.2006.tb00036.x; 10.1111/j.1756-2171.2006.tb00037.x; 10.1126/science.1150473; 10.1126/science.1154562; 10.1136/bmj.a568; 10.1162/154247603322752575; 10.1162/jeea.2007.5.2-3.271; 10.1198/016214505000000330; 10.1257/000282805774670112; 10.1257/aer.101.5.1933; 10.1257/mic.2.2.222; 10.1287/mnsc.1110.1371; 10.1300/j123v44n03_09; 10.1371/journal.pbio.0040157; 10.2307/2091278; 10.2307/2951479
2015,10.1108/cb-02-2015-0004,10.1080/15424065.2016.1255863; 10.1080/0194262x.2016.1171191; 10.1080/01462679.2018.1451794; 10.1080/09737766.2016.1213967,,Collection Building,34,"Nagaraja, Aragudige; Prashanth, A.B",Serials Use In Post Graduates’ Dissertations Of Pharmaceutical Sciences: Collection Building By Citation Analysis,3,issn:0160-4953,4,94-101,10.1002/(sici)1097-4571(198909)40:5<342::aid-asi7>3.0.co;2-u; 10.1016/s0020-7837(73)80037-8; 10.1073/pnas.1403006111; 10.1080/00987913.2014.897174; 10.1080/0194262x.2012.676889; 10.1107/s0108768106030278; 10.1108/eb026555; 10.1108/eb026644; 10.1126/science.178.4060.471; 10.1126/science.66.1713.385; 10.1177/0165551507086991; 10.1300/j123v51n03_05; 10.1371/journal.pbio.0040157; 10.14429/djlit.30.3; 10.3163/1536-5050.98.4.008; 10.3998/3336451.0010.107; 10.5860/crl_46_01_30; 10.5860/crl_46_01_36; 10.5860/crl_46_01_77; 10.5860/crl-254; 10.5860/lrts.56n2.80; 10.5931/djim.v5i1.48
2018,10.1108/cc-05-2018-0014,,,Collection And Curation,,"Wani, Zahid Ashraf; Wani, Showkat Ahmad",Mapping The Use Of Open Access Resources By Doctoral Students In The Usa By Employing Citation Analysis,,issn:2514-9326,0,,10.1007/s11192-013-1101-x; 10.1007/s11739-017-1603-2; 10.1080/00987913.2004.10764930; 10.1108/14684521011072990; 10.1108/oir-06-2015-0193; 10.1177/0340035207083304; 10.1186/1741-7015-10-73; 10.1353/pla.2003.0032; 10.1371/journal.pbio.0040157; 10.1371/journal.pone.0011273; 10.1371/journal.pone.0013636; 10.1629/16205; 10.5860/crl.63.4.334; 10.5860/crl.65.5.372
2017,10.1108/dlp-03-2017-0011,10.4018/978-1-7998-0043-9.ch015; 10.1108/gkmc-12-2017-0109; 10.1108/ils-01-2018-0003; 10.1108/lhtn-12-2017-0091; 10.1108/oir-04-2018-0152,,Digital Library Perspectives,33,"Bosah, Gabriel; Okeji, Chuma Clement; Baro, Ebikabowei Emmanuel","Perceptions, Preferences Of Scholarly Publishing In Open Access Journals",4,issn:2059-5816,5,378-394,10.1080/00987913.2004.10764922; 10.1080/00987913.2004.10764925; 10.1080/00987913.2004.10764928; 10.1087/0953151042321680; 10.1087/095315104323159649; 10.1108/00220411111164673; 10.1108/07419051011110603; 10.1108/nlw-12-2014-0140; 10.1126/science.302.5645.552; 10.1177/0165551515587855; 10.1186/1742-5581-4-1; 10.1371/journal.pbio.0040157; 10.29173/lirg553; 10.3138/jsp.43.2.200; 10.5860/crl.65.5.372
2017,10.1108/el-11-2016-0245,10.1007/s11192-019-03159-z; 10.1080/15424065.2018.1554464; 10.1108/gkmc-09-2018-0077; 10.1108/idd-08-2018-0029,,The Electronic Library,35,"Ezema, Ifeanyi Jonas; Onyancha, Omwoyo Bosire",Citation Impact Of Health And Medical Journals In Africa: Does Open Accessibility Matter?,5,issn:0264-0473,4,934-952,10.1002/asi.20898; 10.1007/s11192-010-0330-5; 10.1007/s11207-006-0262-7; 10.1016/j.ipm.2005.03.010; 10.1016/j.joi.2007.04.001; 10.1017/s1049096514001668; 10.1038/35079151; 10.1038/514550a; 10.1080/00987913.2016.1182881; 10.1088/2058-7058/20/1/33; 10.1096/fj.11-183988; 10.1108/00242531011047046; 10.1108/00242531111147198; 10.1108/03074800810846010; 10.1108/el-08-2011-0118; 10.1126/science.1154562; 10.1126/science.122.3159.108; 10.1126/science.286.5437.53; 10.1136/bmj.330.7494.759; 10.1145/1467247.1467279; 10.1177/0165551503296009; 10.1186/1741-7015-10-73; 10.1371/journal.pbio.0040157; 10.1371/journal.pone.0013636; 10.3163/1536-5050.96.4.007; 10.3389/fvets.2015.00022; 10.3998/3336451.0006.303; 10.5062/f4q81b0w; 10.5860/crl.65.5.372
2019,10.1108/gkmc-09-2018-0077,10.3346/jkms.2019.34.e180,,"Global Knowledge, Memory And Communication",68,"Nazim, Mohammad; Zia, Sana",Acceptance And Adoption Of Open Access Publishing By Researchers In India,1/2,issn:2514-9342,1,148-158,10.1109/ettlis.2018.8485196; 10.1126/science.1154562; 10.1136/bmj.38422.611736.e0; 10.1177/0961000606070587; 10.12688/f1000research.8460.1; 10.1371/journal.pbio.0040157; 10.1371/journal.pmed.0040297; 10.1371/journal.pone.0020961; 10.14429/djlit.33.5106; 10.3145/epi.2016.ene.03; 10.3163/1536-5050.97.1.002; 10.5860/crln.73.2.8705; 10.5860/crl.65.5.372; 10.5860/crl-38r1; 10.5958/2277-7946.2015.00010.8; 10.7717/peerj.4375; 10.1002/asi.20494; 10.1002/asi.20686; 10.1002/asi.20898; 10.1002/asi.21003; 10.1007/s11192-017-2422-y; 10.1016/j.acalib.2008.06.008; 10.1016/j.joi.2007.04.001; 10.1045/december2005-coleman; 10.1045/september2005-lynch; 10.1080/10572317.2017.1326246; 10.1087/20140104; 10.1108/00220410910926121; 10.1108/14684521211206953; 10.1108/el-01-2015-0012; 10.1108/el-11-2016-0245; 10.1108/lhtn-03-2013-0011
2013,10.1371/journal.pone.0049476,10.1007/s11606-017-4196-6; 10.1371/journal.pone.0119892; 10.1371/journal.pone.0120495; 10.1590/abd1806-4841.20153979; 10.1126/sciadv.1500211; 10.1186/s12911-018-0663-1; 10.1371/journal.pone.0169398; 10.1371/journal.pone.0062395; 10.1177/0739456x19827083; 10.1371/journal.pone.0192012; 10.1002/pra2.2018.14505501035; 10.17343/sdutfd.560909; 10.3846/ijspm.2019.10535; 10.7554/elife.52646; 10.1101/699652; 10.1017/9781108762519; 10.1017/9781108762519.001; 10.1017/9781108762519.002; 10.1017/9781108762519.003; 10.1017/9781108762519.004; 10.1017/9781108762519.005; 10.1017/9781108762519.006; 10.1017/9781108762519.007; 10.1017/9781108762519.008; 10.1017/9781108762519.009; 10.1017/9781108762519.010; 10.1017/9781108762519.011; 10.1017/9781108762519.012; 10.1017/9781108762519.013; 10.1017/9781108762519.014; 10.1017/9781108762519.015; 10.1017/9781108762519.016; 10.1017/9781108762519.017; 10.1017/9781108762519.018; 10.1017/9781108762519.019; 10.1097/xce.0000000000000191; 10.1080/13658816.2015.1130831; 10.1080/21501378.2017.1403848; 10.1186/2046-4053-2-74; 10.3233/jad-170184; 10.1007/s11192-014-1501-6; 10.1007/s11192-016-1889-2; 10.1007/s11192-016-1938-x; 10.1007/s11192-017-2265-6; 10.1007/s11192-019-03015-0; 10.1007/s11192-019-03052-9; 10.1007/s11192-019-03146-4; 10.2214/ajr.17.18077; 10.1002/ece3.1480; 10.1002/ece3.2505; 10.12688/f1000research.10892.1; 10.1007/978-3-319-90548-8_7,https://journals.plos.org/plosone/article/file?id=10.1371/journal.pone.0049476&type=printable,Plos One,8,"Falagas, Matthew E.; Zarkali, Angeliki; Karageorgopoulos, Drosos E.; Bardakas, Vangelis; Mavros, Michael N.",The Impact Of Article Length On The Number Of Future Citations: A Bibliometric Analysis Of General Medicine Journals,2,issn:1932-6203,52,e49476,10.1001/jama.287.21.2847; 10.1001/jama.293.19.2362; 10.1007/s00005-008-0024-5; 10.1007/s11192-012-0752-3; 10.1016/j.jclinepi.2010.03.019; 10.1016/j.jclinepi.2008.09.015; 10.1016/j.jclinepi.2009.09.012; 10.1016/j.ophtha.2008.12.052; 10.1038/171737a0; 10.1038/455274a; 10.1096/fj.08-107938; 10.1111/j.1445-5994.2010.02247.x; 10.1111/j.1464-410x.2010.10028.x; 10.1136/amiajnl-2011-000706; 10.1136/bmj.313.7054.411; 10.1136/bmj.329.7465.546; 10.1136/bmj.39482.526713.be; 10.1136/bmj.a568; 10.1177/1049732305285701; 10.1186/1471-2288-6-42; 10.1186/1741-7015-1-2; 10.1186/1742-5573-5-3; 10.1258/shorts.2009.100020; 10.1371/journal.pbio.0040157; 10.1371/journal.pone.0000403; 10.1592/phco.26.6.759; 10.3325/cmj.2010.51.165
2016,10.2174/1874220301603010346,,http://openmedicinejournal.com/VOLUME/3/PAGE/346/PDF/,Open Medicine Journal,3,"Mabvuure, Nt; Griffin, M; Hindocha, S; Jordan, Dj","Publishing In The Surgical Arena; Why, How And Where?",1,issn:1874-2203,0,346-351,10.1007/s11999-013-3233-y; 10.1016/j.bjps.2003.11.015; 10.1016/j.bjps.2011.06.006; 10.1016/j.bjps.2011.11.042; 10.1016/j.bjps.2014.01.011; 10.1016/j.ijsu.2012.06.374; 10.1016/j.ijsu.2014.01.020; 10.1016/j.jclinepi.2013.10.003; 10.1016/j.jclinepi.2013.10.004; 10.1016/j.jclinepi.2013.01.001; 10.1016/j.jclinepi.2013.01.002; 10.1016/j.jclinepi.2013.01.003; 10.1016/j.jclinepi.2013.01.004; 10.1016/j.jclinepi.2013.01.005; 10.1016/j.jclinepi.2013.04.003; 10.1016/j.jclinepi.2013.04.016; 10.1016/j.jclinepi.2013.04.017; 10.1016/j.jclinepi.2013.06.015; 10.1016/j.jclinepi.2013.08.006; 10.1016/j.jclinepi.2013.09.014; 10.1016/j.surge.2013.08.002; 10.1016/s0140-6736(13)62013-9; 10.1016/s0140-6736(96)90137-3; 10.1054/bjps.2002.3875; 10.1073/pnas.0507655102; 10.1093/rheumatology/38.12.1290; 10.1096/fj.11-183988; 10.1097/prs.0b013e31827c71bb; 10.1126/science.342.6154.60; 10.1186/1742-5581-3-7; 10.1371/journal.pbio.0040157; 10.1371/journal.pone.0013636; 10.1371/journal.pone.0064841; 10.1378/chest.07-1340; 10.2106/jbjs.j.00516; 10.3109/0142159x.2011.530320; 10.3109/0142159x.2012.684915
2014,10.4028/www.scientific.net/amr.931-932.1387,,,Advanced Materials Research,931-932,"Roengniransathit, Pisin; Taweepworadej, Wiroj; Polpinit, Pattarawit",Multi-Platform Institutional Repository,,issn:1662-8985,0,1387-1391,10.1016/j.acalib.2011.07.002; 10.1016/j.serrev.2009.04.002; 10.1016/j.serrev.2009.04.003; 10.1080/10572317.2012.10762928; 10.1371/journal.pbio.0040157; 10.17487/rfc5013
2016,10.4018/978-1-4666-9806-2.ch016,10.1080/09687599.2019.1594697,,"Handbook Of Research On Impacts Of International Business And Political Affairs On The Global Economy - Advances In Finance, Accounting, And Economics",,"Wahid, Ratnaria; Mat, Bakri",Open Access Policies,,isbn:9781466698062; isbn:9781466698079,1,299-311,10.1002/asi.21660; 10.1007/s11192-014-1369-5; 10.1007/s40596-014-0059-1; 10.1016/j.acalib.2014.07.013; 10.1016/j.respol.2014.04.008; 10.1080/00048623.2014.950042; 10.1087/095315103322110932; 10.1087/20150102; 10.1087/20150104; 10.1108/14684521011024191; 10.1136/bmj.a568; 10.1177/01655515030295002; 10.1186/1741-7015-10-124; 10.1371/journal.pbio.0040157; 10.2139/ssrn.2697412; 10.2196/jmir.8.2.e8; 10.5860/crln.65.3.134; 10.5860/crl-299
2017,10.1097/md.0000000000008247,10.7717/peerj.7103; 10.2196/preprints.11567; 10.1097/md.0000000000009823; 10.1097/md.0000000000012418; 10.2196/11567; 10.1097/bpb.0000000000000715; 10.1097/md.0000000000017527; 10.1097/md.0000000000018631; 10.1080/13548506.2020.1752924,https://doi.org/10.1097/md.0000000000008247,Medicine,96,"Pu, Qiang-Hong; Lyu, Qiu-Ju; Liu, Huan; Fan, Kai-Hua",Bibliometric Analysis Of The Top-Cited Articles On Islet Transplantation,44,issn:0025-7974,9,e8247,10.1001/jama.1987.03390010056028; 10.1001/jama.2009.1307; 10.1001/jama.280.3.246; 10.1001/jama.287.21.2847; 10.1007/bf02129596; 10.1007/s00005-009-0001-5; 10.1007/s00592-015-0813-1; 10.1016/0968-0004(89)90164-3; 10.1016/j.acra.2014.03.011; 10.1016/j.ajog.2010.07.025; 10.1016/j.amjsurg.2014.03.016; 10.1016/j.diabres.2013.02.005; 10.1016/j.diabres.2013.11.002; 10.1016/j.ijsu.2015.03.020; 10.1016/j.jdent.2016.02.005; 10.1016/j.maturitas.2016.04.010; 10.1016/j.ophtha.2008.12.052; 10.1016/s1726-4901(09)70036-x; 10.1017/s002221511500300x; 10.1038/224953a0; 10.1055/s-0030-1250576; 10.1056/nejm200007273430401; 10.1056/nejmra032425; 10.1096/fj.07-9492lsf; 10.1097/brs.0000000000000847; 10.1097/md.0000000000004822; 10.1111/jgh.13032; 10.1111/j.1365-3156.1996.tb00106.x; 10.1126/science.178.4060.471; 10.1136/bmjopen-2015-009889; 10.1136/bmjopen-2016-011630; 10.1148/radiol.12111976; 10.1161/hypertensionaha.113.02677; 10.1371/journal.pbio.0040157; 10.2106/jbjs.n.00029; 10.2169/internalmedicine.49.3687; 10.2319/040512-284.1; 10.2337/dc12-0063; 10.2337/diab.38.1.s140; 10.3109/2000656x.2013.840640; 10.3171/2009.12.jns091600; 10.4103/1742-6413.131739; 10.4254/wjh.v8.i33.1478; 10.5588/ijtld.14.0925; 10.5999/aps.2015.42.4.411
2008,10.1002/meet.145044026,10.1108/00242530910978172; 10.1108/jd-08-2013-0110; 10.1108/tg-07-2013-0022,,Proceedings Of The American Society For Information Science And Technology,44,"Davis, Philip M.","Does Free-Access To Scholarly Articles Increase Readership And Citation Impact? A Randomized Controlled, Multi-Publisher, Multi-Journal Study",1,issn:0044-7870,3,1-15,10.1002/asi.20200; 10.1002/asi.20405; 10.1002/(sici)1097-4571(199210)43:9<628::aid-asi5>3.0.co;2-0; 10.1007/s11192-007-1661-8; 10.1007/s11207-006-0262-7; 10.1016/j.ipm.2005.03.010; 10.1038/35079151; 10.1056/nejm199110173251620; 10.1080/1350178022000015122; 10.1086/354848; 10.1126/science.159.3810.56; 10.1126/science.1986409; 10.1126/science.2255902; 10.1136/bmj.329.7465.546; 10.1136/bmj.38422.611736.e0; 10.1161/circulationaha.105.594945; 10.1161/circulationaha.106.618603; 10.1177/1075547003255297; 10.1371/journal.pbio.0040157; 10.3998/3336451.0006.303; 10.5860/crl.65.5.372; 10.5860/crl.67.2.103
2014,10.1002/meet.2014.14505101017,,,Proceedings Of The American Society For Information Science And Technology,51,"Assefa, Shimelis; Rorissa, Abebe; Matusiak, Krystyna; Gelaw, Daniel; Helge, Kris",Open Access: The Global Scene,1,issn:0044-7870,0,1-5,10.1002/asi.20663; 10.1016/j.joi.2007.04.001; 10.1016/s0313-5926(09)50046-x; 10.1186/1741-7015-10-124; 10.1371/journal.pbio.0040157; 10.1371/journal.pmed.1001016; 10.1371/journal.pone.0013636; 10.1371/journal.pone.0020961; 10.7551/mitpress/7434.001.0001
2007,10.1108/10748120710836237,10.1108/00242531111147224; 10.1016/j.serrev.2011.06.002; 10.1080/00140139.2011.568636; 10.14293/s2199-1006.1.sor-compsci.alzq19.v1; 10.1108/el-09-2012-0120; 10.1108/10650750810914210; 10.1080/10572317.2012.10762925; 10.1201/ebk1439807569-c9; 10.1016/j.iilr.2012.07.001; 10.1080/00987913.2011.10765376,https://openresearch-repository.anu.edu.au/bitstream/10440/15/13/Kingsley_Journal2007.pdf,On The Horizon,15,"Kingsley, Danny","The Journal Is Dead, Long Live The Journal",4,issn:1074-8121,10,211-221,10.1002/(sici)1097-4571(1999)50:10<890::aid-asi6>3.0.co;2-8; 10.1016/j.ijcard.2005.08.004; 10.1038/422259a; 10.1038/nature04988; 10.1038/nature04994; 10.1045/may2003-king; 10.1087/095315103320995069; 10.1087/0953151042321680; 10.1087/095315106778690751; 10.1108/00012530210441692; 10.1108/02641610610669723; 10.1126/science.56.1442.197; 10.1136/bmj.330.7486.305; 10.1177/0165551506062327; 10.1257/jep.15.4.183; 10.1371/journal.pbio.0040157; 10.5210/fm.v2i4.522; 10.5210/fm.v9i8.1163; 10.1038/nature28065
2012,10.1108/14684521211206953,10.1002/j.1681-4835.2016.tb00520.x; 10.1007/s11192-015-1607-5; 10.7554/elife.16800; 10.1111/pme.12308; 10.1177/0165551519865489; 10.1371/journal.pone.0159614; 10.1007/s12109-016-9488-x; 10.1108/gkmc-09-2018-0077; 10.4018/978-1-5225-2255-3.ch385; 10.4018/978-1-5225-7659-4.ch015; 10.1080/10572317.2017.1326246; 10.1017/s1049096514001668; 10.1017/s1049096517000014; 10.1080/0194262x.2016.1273815; 10.1002/ecs2.1887; 10.1007/s11192-019-03221-w,,Online Information Review,36,"Xia, Jingfeng; Nakanishi, Katie",Self‐Selection And The Citation Advantage Of Open Access Articles,1,issn:1468-4527,16,40-51,10.1002/asi.20199; 10.1002/asi.20494; 10.1002/asi.20663; 10.1002/asi.20677; 10.1002/asi.20898; 10.1002/asi.20965; 10.1002/asi.21003; 10.1007/s11192-007-1661-8; 10.1016/j.ipm.2005.03.010; 10.1016/j.joi.2007.04.001; 10.1038/35079151; 10.1045/september2012-harnad; 10.1086/203174; 10.1108/14684520810923881; 10.1136/bmj.38422.611736.e0; 10.1136/bmj.a568; 10.1300/j103v23n02_01; 10.1371/journal.pbio.0040157; 10.3998/3336451.0009.202; 10.5860/crl.65.5.372; 10.5860/crl-38r1
2012,10.1108/14684521211254068,10.4018/ijbir.2013100103; 10.1108/lr-05-2016-0047; 10.1080/19386389.2013.846618; 10.1109/sisy.2013.6662552; 10.1109/sisy.2013.6662553; 10.1177/0165551519891361,,Online Information Review,36,"Ivanović, Lidija; Ivanović, Dragan; Surla, Dušan","A Data Model Of Theses And Dissertations Compatible With Cerif, Dublin Core And Edt‐Ms",4,issn:1468-4527,6,548-567,10.1002/asi.20095; 10.1002/asi.20096; 10.1007/s11192-010-0228-2; 10.1016/j.ipm.2005.03.010; 10.1038/35079151; 10.1108/00242530810899559; 10.1108/00330331011064249; 10.1108/02640470810879536; 10.1108/02640470910934669; 10.1108/02640470910966916; 10.1108/02640470910966934; 10.1108/02640471011033611; 10.1108/02640471011033648; 10.1108/02640471011065355; 10.1108/02640471111111433; 10.1108/02640471111177035; 10.1108/14666180010327429; 10.1108/14684520910969925; 10.1108/14684520910985684; 10.1108/14684521011036972; 10.1371/journal.pbio.0040157; 10.2298/csis0801061b; 10.2298/csis0902001v; 10.3998/3336451.0006.303; 10.5860/crl.65.5.372
2015,10.1080/10572317.2015.1021625,10.1371/journal.pone.0155843; 10.35241/emeraldopenres.13325.1; 10.29252/jcbr.2.3.1,,International Information & Library Review,47,"Singson, Mangkhollen; Joy, M. Gnanaselvi; Thiyagarajan, S.; Dkhar, Valerie",Perceptions Of Open Access Publishing By Faculty At Pondicherry University: A Survey,1-2,issn:1057-2317; issn:1095-9297,3,1-10,10.1002/asi.20898; 10.1002/asi.21195; 10.1002/asi.21283; 10.1016/j.acalib.2005.02.005; 10.1016/j.joi.2007.04.001; 10.1038/35074210; 10.1080/00987913.2004.10764925; 10.1080/00987913.2008.10765150; 10.1080/08963568.2011.581606; 10.1080/10572317.2003.10762596; 10.1087/0953151042321680; 10.1087/095315104323159621; 10.1087/095315104323159649; 10.1108/00012530510634226; 10.1108/00012531011035008; 10.1108/02640471011065364; 10.1111/1467-6478.00137; 10.1126/science.342.6154.60; 10.1177/0340035207083304; 10.1258/jrsm.99.3.141; 10.1371/journal.pbio.0040157; 10.1515/libr.2006.16; 10.1629/20225; 10.1629/2048-7754.107; 10.4103/0022-3859.65286; 10.5860/crl.65.5.372
2014,10.1080/08963568.2014.883875,10.1080/1941126x.2017.1340718; 10.1177/0340035216628879; 10.4018/978-1-5225-9779-7.ch003; 10.1108/ajim-03-2015-0049; 10.1108/lm-02-2017-0013; 10.3390/publications4030022; 10.3390/publications6030031; 10.1108/lm-08-2019-0059; 10.35241/emeraldopenres.13325.1,,Journal Of Business & Finance Librarianship,19,"Hahn, Susan E.; Wyatt, Anna","Business Faculty'S Attitudes: Open Access, Disciplinary Repositories, And Institutional Repositories",2,issn:0896-3568; issn:1547-0644,9,93-113,10.1002/asi.20663; 10.1016/j.acalib.2008.06.008; 10.1016/j.joi.2007.04.001; 10.1080/03615261003623070; 10.1080/08963568.2011.554786; 10.1108/14684521211206962; 10.1371/journal.pbio.0040157; 10.5860/crl.65.5.372
2011,10.1515/9783110263749.177,,http://pdfs.semanticscholar.org/067c/f6c91c4d7d0e8a015260479315527591d275.pdf,Open Access To Stm Information,,"Duzyol, Guleda; Taskin, Zehra; Tonta, Yasar",Mapping The Intellectual Structure Of Open Access Field Through Co-Citations,,isbn:9783110263749,0,,10.1002/asi.21003; 10.1007/s11192-006-0126-9; 10.1007/s11192-008-2055-2; 10.1016/j.datak.2008.05.004; 10.1016/j.joi.2007.04.001; 10.1108/03074800810846010; 10.1371/journal.pbio.0040157; 10.1515/libr.2006.145
2008,10.3174/ajnr.a1325,10.1080/15424060902932219; 10.1177/159101990901500302; 10.3174/ajnr.a6523,http://www.ajnr.org/content/30/2/215.full.pdf,American Journal Of Neuroradiology,30,"Castillo, M.",Citations And Open Access: Questionable Benefits: Fig 1.,2,issn:0195-6108; issn:1936-959X,3,215-216,10.1016/j.joi.2007.04.001; 10.1136/bmj.38422.611736.e0; 10.1136/bmj.a568; 10.1371/journal.pbio.0040157
